prompt,response_1,response_2
What is the capital of France?,The capital of France is Paris.,The capital of France is Paris.
Explain the theory of relativity.,"The theory of relativity is a fundamental theory in physics developed by Albert Einstein in the early 20th century. It consists of two main parts: the special theory of relativity and the general theory of relativity.

The special theory of relativity, proposed in 1905, describes the relationship between space and time. It states that the laws of physics are the same for all observers, regardless of their relative motion. This theory also introduced the concept of the speed of light being constant for all observers, regardless of their motion. One of the key ideas of the special theory of relativity is that time and space are not absolute, but rather relative and interconnected.

The general theory of relativity, proposed in 1915, expands on the special theory to include the effects of gravity. According to this theory, gravity is not a force acting at a distance, but rather a warping of space and time caused by the presence of mass and energy. In simpler terms, objects with mass cause a curvature in spacetime, which in turn affects the motion of other objects in their vicinity.

Overall, the theory of relativity revolutionized our understanding of space, time, and gravity, and has had profound implications for modern physics and our understanding of the universe. It has been confirmed through numerous experiments and observations and continues to be a cornerstone of modern physics.","The Theory of Relativity is a scientific concept in physics, first introduced by Albert Einstein in 1905 with the Special Theory of Relativity, and later expanded upon in 1915 with the General Theory of Relativity. The idea essentially reshaped our understanding of space, time, matter, and energy.

1. Special Theory of Relativity: It includes two main ideas. First, it talks about how the laws of physics are the same in all inertial frames of reference, meaning that they are valid whether you are at rest or moving at a uniform speed. Second, it holds that the speed of light (300,000 kilometres per second) is the same for all observers, regardless of their motion or that of the source of the light.

2. General Theory of Relativity: This treats gravity not as a force, as Sir Isaac Newton did, but as a consequence of the curvature of spacetime caused by mass and energy. Thus, a planetary body orbits because of the curve in spacetime that its mass and energy create. An often-cited analogy is that of a bowling ball sitting on a trampoline, causing it to dip and a smaller ball (representing a less massive body) moving near it will roll towards the more massive body not because of some unseen force acting between them but because of the warping of the trampoline fabric.

Overall, the Theory of Relativity made staggering and transformative contributions to the understanding of our Universe and changed the standard model of physics, incorporating the uniformity of the speed of light and the flexibility of space and time."
Write a short poem about the ocean.,"The ocean's vast and deep blue hue,
A world of wonder, ever true.
Its waves crash upon the shore,
Whispering secrets forevermore.

The salty air, the seagulls cry,
A symphony beneath the sky.
A place of beauty, wild and free,
The ocean calls to you and me.

Its tides ebb and flow with grace,
A dance of life in timeless space.
Beneath its surface, creatures roam,
In the ocean's eternal home.

So let us stand upon the sand,
And feel the ocean's gentle hand.
For in its depths, we find our soul,
A sacred place where waters roll.","Upon the vast expanse of jade and blue,
Underneath a sky of cloud-streaked hue,
The vigilant ocean, broad and deep,
Its secrets, mysteries, it does keep.

Rushing waves, with primal, rhythmic sound,
Glistening glass on sacred ground,
A beast alive, with gentle mood,
Eternity in constant brood.

Moonlight's touch ignites its skin,
Reflecting a life that stirs within,
A dance of shadows, liquid lights,
Lulling the world into starlit nights.

Gift of bliss, or vessel of wrath,
The ocean carves its transient path.
Its voice whispers tales of the unknown,
Of creatures and stories, by the seashell thrown.

Underneath it lies a world concealed,
Where shipwrecks sleep and corals wield,
A lullaby of eternal tide,
Where time itself has learned to hide.

Majestic in its tranquil rage,
A lover, warrior, sage, and stage.
On its surface, dreams and tears blend,
The ocean, an unpredictable friend."
